pitch_type,game_date,release_speed,release_pos_x,release_pos_z,player_name,batter,pitcher,events,description,spin_dir,spin_rate_deprecated,break_angle_deprecated,break_length_deprecated,zone,des,game_type,stand,p_throws,home_team,away_team,type,hit_location,bb_type,balls,strikes,game_year,pfx_x,pfx_z,plate_x,plate_z,on_3b,on_2b,on_1b,outs_when_up,inning,inning_topbot,hc_x,hc_y,tfs_deprecated,tfs_zulu_deprecated,fielder_2,umpire,sv_id,vx0,vy0,vz0,ax,ay,az,sz_top,sz_bot,hit_distance_sc,launch_speed,launch_angle,effective_speed,release_spin_rate,release_extension,game_pk,pitcher,fielder_2,fielder_3,fielder_4,fielder_5,fielder_6,fielder_7,fielder_8,fielder_9,release_pos_y,estimated_ba_using_speedangle,estimated_woba_using_speedangle,woba_value,woba_denom,babip_value,iso_value,launch_speed_angle,at_bat_number,pitch_number,pitch_name,home_score,away_score,bat_score,fld_score,post_away_score,post_home_score,post_bat_score,post_fld_score,if_fielding_alignment,of_fielding_alignment,spin_axis,delta_home_win_exp,delta_run_exp
ST,4/15/23,81.3,-2.81,5.28,"Ottavino, Adam",668843,493603,strikeout,swinging_strike,,,,,14,Conner Capel strikes out swinging.,R,L,R,OAK,NYM,S,2,,3,2,2023,1.64,0.31,0.03,1.21,642180,676116,,2,8,Bot,,,,,682626,,,3.240385139,-118.2866678,-3.026907983,14.53656872,26.14995244,-28.91369674,3.39,1.67,,,,81.6,2804,6.9,718565,493603,682626,624413,643446,641645,596019,592192,607043,516782,53.65,,,0,1,0,0,,66,8,Sweeper,2,3,2,3,3,2,2,3,Strategic,Standard,72,-0.168,-0.628
ST,4/15/23,79.1,-2.78,5.37,"Ottavino, Adam",668843,493603,,blocked_ball,,,,,13,Conner Capel strikes out swinging.,R,L,R,OAK,NYM,B,,,1,2,2023,1.6,-0.38,-1.42,0.71,642180,,676116,2,8,Bot,,,,,682626,,,-0.030247253,-115.2197137,-2.624871351,14.13733847,23.10603582,-35.26657576,3.39,1.67,,,,79.7,2749,6.8,718565,493603,682626,624413,643446,641645,596019,592192,607043,516782,53.7,,,,,,,,66,6,Sweeper,2,3,2,3,3,2,2,3,Standard,Standard,63,0.028,-0.048
ST,4/15/23,79.6,-2.86,5.33,"Ottavino, Adam",668843,493603,,foul,,,,,5,Conner Capel strikes out swinging.,R,L,R,OAK,NYM,S,,,1,1,2023,1.69,0.4,0.25,2.4,642180,,676116,2,8,Bot,,,,,682626,,,3.68126393,-115.8648239,-0.345816722,14.24173816,24.6903622,-28.75844916,3.39,1.67,121,56.5,65,79.7,2750,6.7,718565,493603,682626,624413,643446,641645,596019,592192,607043,516782,53.84,,,,,,,,66,3,Sweeper,2,3,2,3,3,2,2,3,Standard,Standard,65,0,-0.089
ST,4/15/23,78.2,-3.03,5.41,"Ottavino, Adam",668843,493603,,called_strike,,,,,1,Conner Capel strikes out swinging.,R,L,R,OAK,NYM,S,,,1,0,2023,1.82,0.11,-0.47,3.19,642180,,676116,2,8,Bot,,,,,682626,,,2.177830489,-113.8933149,1.94289837,15.36056442,22.00602261,-31.86000018,3.39,1.67,,,,78.8,2775,6.8,718565,493603,682626,624413,643446,641645,596019,592192,607043,516782,53.7,,,,,,,,66,2,Sweeper,2,3,2,3,3,2,2,3,Standard,Standard,65,0,-0.067
ST,4/15/23,81.4,-2.89,5.24,"Ottavino, Adam",649557,493603,field_out,hit_into_play,,,,,6,Aledmys Diaz pops out to catcher Francisco Alvarez in foul territory.,R,R,R,OAK,NYM,X,2,popup,0,1,2023,1.52,0.01,0.31,2.96,,642180,,1,8,Bot,147.08,214.72,,,682626,,,4.275514988,-118.3905878,1.528108062,13.34562955,24.07348905,-32.66971809,3.52,1.72,54,67.1,82,81.5,2717,6.5,718565,493603,682626,624413,643446,641645,596019,592192,607043,516782,53.98,0.003,0.003,0,1,0,0,3,64,2,Sweeper,2,3,2,3,3,2,2,3,Standard,Standard,68,-0.097,-0.262
ST,4/15/23,79.5,-3,5.24,"Ottavino, Adam",657656,493603,,foul,,,,,8,"Ramon Laureano grounds out, shortstop Francisco Lindor to first baseman Pete Alonso.",R,R,R,OAK,NYM,S,,,1,0,2023,0.99,-0.22,-0.18,1.62,,642180,,0,8,Bot,,,,,682626,,,4.379764253,-115.7649768,-0.751223321,8.009768806,22.50678752,-34.20295409,3.27,1.51,2,106,-33,80.3,2845,6.9,718565,493603,682626,624413,643446,641645,596019,592192,607043,516782,53.62,,,,,,,,63,2,Sweeper,2,3,2,3,3,2,2,3,Standard,Standard,67,0,-0.181
ST,4/15/23,81.4,-2.99,5.24,"Ottavino, Adam",667670,493603,walk,ball,,,,,14,Brent Rooker walks.,R,R,R,OAK,NYM,B,,,3,2,2023,1.33,0.44,1.91,1.09,,,,0,8,Bot,,,,,682626,,,8.541106192,-118.2785264,-3.523577506,10.72336591,24.10578547,-27.57892477,3.53,1.68,,,,82.1,2791,7,718565,493603,682626,624413,643446,641645,596019,592192,607043,516782,53.48,,,0.7,1,0,0,,62,9,Sweeper,2,3,2,3,3,2,2,3,Standard,Standard,71,0.098,0.313
ST,4/15/23,80.4,-3.01,5.23,"Ottavino, Adam",667670,493603,,foul,,,,,1,Brent Rooker walks.,R,R,R,OAK,NYM,S,,,2,2,2023,1.04,0.07,-0.42,3.25,,,,0,8,Bot,,,,,682626,,,3.796454449,-117.1526105,2.14711413,8.920413776,21.07892463,-32.11907934,3.53,1.68,211,72.2,43,81.3,2780,6.7,718565,493603,682626,624413,643446,641645,596019,592192,607043,516782,53.79,,,,,,,,62,7,Sweeper,2,3,2,3,3,2,2,3,Standard,Standard,73,0,0
ST,4/15/23,80.1,-3.06,5.28,"Ottavino, Adam",667670,493603,,foul,,,,,6,Brent Rooker walks.,R,R,R,OAK,NYM,S,,,2,2,2023,1.35,0.25,0.54,2.32,,,,0,8,Bot,,,,,682626,,,5.454472153,-116.5556939,-0.314504626,11.31959702,21.18999142,-30.07956728,3.53,1.68,200,70.3,44,80.9,2781,6.7,718565,493603,682626,624413,643446,641645,596019,592192,607043,516782,53.76,,,,,,,,62,6,Sweeper,2,3,2,3,3,2,2,3,Standard,Standard,68,0,0
ST,4/15/23,81.4,-2.88,5.26,"Ottavino, Adam",667670,493603,,ball,,,,,14,Brent Rooker walks.,R,R,R,OAK,NYM,B,,,1,2,2023,1.62,0.68,2.56,1.54,,,,0,8,Bot,,,,,682626,,,9.163353755,-118.2025073,-3.015728184,13.30023285,23.9785464,-25.3859106,3.53,1.68,,,,81.9,2808,6.9,718565,493603,682626,624413,643446,641645,596019,592192,607043,516782,53.61,,,,,,,,62,5,Sweeper,2,3,2,3,3,2,2,3,Standard,Standard,66,0,0.041
ST,4/15/23,81.4,2.81,5.44,"Raley, Brooks",675656,548384,strikeout,swinging_strike_blocked,,,,,13,"Kevin Smith strikes out swinging, catcher Francisco Alvarez to first baseman Pete Alonso.",R,R,L,OAK,NYM,S,2,,2,2,2023,-1.75,0.75,-1.21,1.82,,665923,,2,7,Bot,,,,,682626,,,-5.612754811,-118.4786096,-2.926988354,-15.32425135,23.83421498,-24.78010473,3.31,1.55,,,,80.6,2939,5.8,718565,548384,682626,624413,643446,641645,596019,592192,607043,516782,54.67,,,0,1,0,0,,58,5,Sweeper,2,3,2,3,3,2,2,3,Standard,Strategic,299,-0.075,-0.285
ST,4/15/23,77.7,-3.05,5.21,"Ottavino, Adam",667670,493603,,called_strike,,,,,4,Brent Rooker walks.,R,R,R,OAK,NYM,S,,,0,1,2023,1.43,0.07,-0.33,2.55,,,,0,8,Bot,,,,,682626,,,3.21666036,-113.1677289,1.119218984,11.63719241,22.03576664,-31.99831425,3.53,1.68,,,,78,2721,6.6,718565,493603,682626,624413,643446,641645,596019,592192,607043,516782,53.93,,,,,,,,62,2,Sweeper,2,3,2,3,3,2,2,3,Standard,Standard,76,0,-0.057
ST,4/14/23,81.5,-1.75,5.94,"Senga, Kodai",649557,673540,home_run,hit_into_play,,,,,1,Aledmys Diaz homers (1) on a fly ball to left field.,R,R,R,OAK,NYM,X,,fly_ball,0,0,2023,0.94,-0.06,-0.6,3.23,,,,2,5,Bot,31.85,75.32,,,621512,,,0.785363992,-118.644283,0.702531639,8.612697132,25.79751712,-33.1071329,3.53,1.72,383,103.5,30,81.3,2587,6.4,718578,673540,621512,624413,641645,500871,596019,643446,607043,516782,54.06,0.869,1.746,2,1,0,3,6,58,1,Sweeper,3,12,3,12,12,4,4,12,Standard,Standard,46,0.003,1
ST,4/14/23,83.3,-1.99,5.73,"Senga, Kodai",665923,673540,field_out,hit_into_play,,,,,7,"Esteury Ruiz grounds out, third baseman Eduardo Escobar to first baseman Pete Alonso.",R,R,R,OAK,NYM,X,5,ground_ball,2,2,2023,0.82,-0.09,-0.41,1.76,,,,1,4,Bot,98.86,158,,,621512,,,2.021992242,-121.468349,-2.616803038,7.831165232,21.42388438,-32.75383053,3,1.5,67,101.9,3,84.2,2493,6.5,718578,673540,621512,624413,641645,500871,596019,643446,607043,516782,53.99,0.529,0.5,0,1,0,0,4,41,5,Sweeper,3,6,3,6,6,3,3,6,Standard,Strategic,47,-0.017,-0.166
ST,4/14/23,81.5,-2.03,5.64,"Senga, Kodai",665923,673540,,foul,,,,,8,"Esteury Ruiz grounds out, third baseman Eduardo Escobar to first baseman Pete Alonso.",R,R,R,OAK,NYM,S,,,0,1,2023,1.36,0.15,-0.22,1.66,,,,1,4,Bot,,,,,621512,,,1.453706527,-118.7797424,-2.671819471,12.58171986,22.66735024,-30.49806099,3,1.5,144,55.2,42,81.7,2607,6.3,718578,673540,621512,624413,641645,500871,596019,643446,607043,516782,54.18,,,,,,,,41,2,Sweeper,3,6,3,6,6,3,3,6,Strategic,Strategic,59,0,-0.034
ST,4/14/23,78.8,-2.17,5.51,"Senga, Kodai",669127,673540,home_run,hit_into_play,,,,,2,Shea Langeliers homers (3) on a fly ball to left field.   Conner Capel scores.,R,R,R,OAK,NYM,X,,fly_ball,0,0,2023,0.97,0.21,-0.11,2.82,,,668843,1,4,Bot,24.43,85.23,,,621512,,,2.688410043,-114.8071526,0.537208111,8.12911135,20.73719957,-30.59037089,3.34,1.52,375,98.1,35,79.2,2586,6.4,718578,673540,621512,624413,641645,500871,596019,643446,607043,516782,54.05,0.217,0.368,2,1,0,3,5,40,1,Sweeper,1,6,1,6,6,3,3,6,Standard,Standard,52,0.095,1.716
ST,4/14/23,78.9,-1.69,6.04,"Senga, Kodai",668843,673540,,called_strike,,,,,1,Conner Capel singles on a line drive to left fielder Jeff McNeil.,R,L,R,OAK,NYM,S,,,1,0,2023,1.22,-0.12,-0.66,3.15,,,,1,4,Bot,,,,,621512,,,-0.027512642,-114.9448141,0.752449941,10.80865824,22.07782595,-33.62653203,3.34,1.67,,,,78.9,2494,6.3,718578,673540,621512,624413,641645,500871,596019,643446,607043,516782,54.2,,,,,,,,39,2,Sweeper,1,6,1,6,6,1,1,6,Standard,Standard,36,0,-0.046
ST,4/14/23,80.7,-2.1,5.67,"Senga, Kodai",649557,673540,,ball,,,,,11,"Aledmys Diaz lines out, shortstop Francisco Lindor to first baseman Pete Alonso.",R,R,R,OAK,NYM,B,,,1,0,2023,1.23,0.06,-1.06,3.32,,,,0,4,Bot,,,,,621512,,,-0.014778063,-117.5369328,1.292722351,11.37284353,21.9883326,-32.0661196,3.45,1.73,,,,80.8,2528,6.3,718578,673540,621512,624413,641645,500871,596019,643446,607043,516782,54.21,,,,,,,,38,2,Sweeper,1,6,1,6,6,1,1,6,Standard,Standard,21,0,0.075
ST,4/14/23,81.7,-2.39,5.45,"Senga, Kodai",667670,673540,,blocked_ball,,,,,14,Brent Rooker singles on a pop up to second baseman Luis Guillorme.   Ryan Noda scores.,R,R,R,OAK,NYM,B,,,1,0,2023,0.99,0.09,1.65,-0.1,,,676116,2,3,Bot,,,,,621512,,,7.194270396,-118.7393689,-6.139712258,8.123079151,21.37963632,-30.36507077,3.46,1.69,,,,81.8,2780,6.3,718578,673540,621512,624413,641645,500871,596019,643446,607043,516782,54.19,,,,,,,,30,2,Sweeper,0,6,0,6,6,0,0,6,Standard,Standard,33,0,0.011
ST,4/14/23,80.4,-2.05,5.7,"Senga, Kodai",665923,673540,single,hit_into_play,,,,,12,Esteury Ruiz singles on a soft bunt ground ball to pitcher Kodai Senga.,R,R,R,OAK,NYM,X,1,ground_ball,0,1,2023,0.94,0.34,1.1,2.68,,,,0,3,Bot,123.09,198.2,,,621512,,,5.203841582,-117.1288879,-0.724066157,7.845037004,20.18413585,-29.13963201,3,1.5,2,14.7,-46,80.8,2534,6.3,718578,673540,621512,624413,641645,500871,596019,643446,607043,516782,54.18,0.24,0.216,0.9,1,1,0,1,27,2,Sweeper,0,6,0,6,6,0,0,6,Standard,Strategic,44,0.018,0.262
ST,4/14/23,80.2,-2.12,5.6,"Senga, Kodai",665923,673540,,called_strike,,,,,6,Esteury Ruiz singles on a soft bunt ground ball to pitcher Kodai Senga.,R,R,R,OAK,NYM,S,,,0,0,2023,0.81,0.28,0.4,2.5,,,,0,3,Bot,,,,,621512,,,4.048864482,-116.8649844,-0.740741373,6.693547988,21.14436968,-29.67115917,2.98,1.51,,,,80.4,2476,6.2,718578,673540,621512,624413,641645,500871,596019,643446,607043,516782,54.26,,,,,,,,27,1,Sweeper,0,6,0,6,6,0,0,6,Standard,Standard,46,0,-0.044
ST,4/14/23,84.7,-2.09,5.67,"Senga, Kodai",669127,673540,,called_strike,,,,,6,Shea Langeliers strikes out swinging.,R,R,R,OAK,NYM,S,,,0,0,2023,1.05,-0.24,0.63,2.07,657656,,668843,2,2,Bot,,,,,621512,,,4.268527463,-123.3256428,-1.57119423,9.776046674,25.47467186,-34.54062996,3.26,1.53,,,,84.9,2662,6.4,718578,673540,621512,624413,641645,500871,596019,643446,607043,516782,54.05,,,,,,,,22,1,Sweeper,0,6,0,6,6,0,0,6,Standard,Standard,44,0,-0.071
ST,4/14/23,79.8,-1.83,5.95,"Senga, Kodai",668843,673540,,ball,,,,,13,Conner Capel singles on a fly ball to right fielder Starling Marte.   Ramon Laureano to 3rd.,R,L,R,OAK,NYM,B,,,1,0,2023,1.07,-0.32,-0.43,1.37,,,657656,2,2,Bot,,,,,621512,,,1.083193699,-116.139301,-2.679556471,9.351298235,24.41123214,-34.74144013,3.31,1.67,,,,79.4,2583,6.3,718578,673540,621512,624413,641645,500871,596019,643446,607043,516782,54.21,,,,,,,,21,2,Sweeper,0,6,0,6,6,0,0,6,Standard,Standard,36,0,0.011
ST,4/14/23,83.4,-2.38,5.58,"Senga, Kodai",649557,673540,,called_strike,,,,,7,Aledmys Diaz strikes out on a foul tip.,R,R,R,OAK,NYM,S,,,0,1,2023,1.28,-0.34,-0.72,2.05,,,657656,1,2,Bot,,,,,621512,,,1.291295222,-121.4756872,-0.948142261,12.33359172,26.03147716,-35.59666927,3.51,1.73,,,,83.2,2656,6.3,718578,673540,621512,624413,641645,500871,596019,643446,607043,516782,54.18,,,,,,,,20,2,Sweeper,0,6,0,6,6,0,0,6,Standard,Standard,51,0,-0.061
ST,4/14/23,82.9,-2.37,5.35,"Senga, Kodai",649557,673540,,called_strike,,,,,2,Aledmys Diaz strikes out on a foul tip.,R,R,R,OAK,NYM,S,,,0,0,2023,1.31,-0.27,0.18,3.02,,,657656,1,2,Bot,,,,,621512,,,3.270130408,-120.644943,1.741002468,11.9693252,25.74939162,-35.35696132,3.54,1.73,,,,82.7,2582,6.4,718578,673540,621512,624413,641645,500871,596019,643446,607043,516782,54.1,,,,,,,,20,1,Sweeper,0,6,0,6,6,0,0,6,Standard,Standard,50,0,-0.055
ST,4/14/23,80,-2.08,5.59,"Senga, Kodai",657656,673540,,ball,,,,,14,Ramon Laureano walks.,R,R,R,OAK,NYM,B,,,2,0,2023,0.94,-0.11,1.58,0.77,,,,0,2,Bot,,,,,621512,,,6.292358632,-116.317257,-3.616092979,7.139969521,24.89101766,-32.58991593,3.14,1.53,,,,79.6,2628,6.4,718578,673540,621512,624413,641645,500871,596019,643446,607043,516782,54.14,,,,,,,,18,3,Sweeper,0,6,0,6,6,0,0,6,Standard,Standard,48,0,0.123
ST,4/14/23,84.1,-1.89,5.76,"Senga, Kodai",667670,673540,,foul,,,,,9,Brent Rooker strikes out swinging.,R,R,R,OAK,NYM,S,,,2,2,2023,1.19,-0.22,0.81,2.21,,,,2,1,Bot,,,,,621512,,,3.927599284,-122.5362759,-1.413902461,11.18273623,24.48702862,-34.29720043,3.54,1.68,14,49.5,-6,84.6,2702,6.6,718578,673540,621512,624413,641645,500871,596019,643446,607043,516782,53.92,,,,,,,,8,5,Sweeper,0,0,0,0,0,0,0,0,Standard,Standard,36,0,0
ST,4/14/23,84,-1.75,5.81,"Senga, Kodai",667670,673540,,ball,,,,,14,Brent Rooker strikes out swinging.,R,R,R,OAK,NYM,B,,,0,2,2023,0.85,0.09,0.83,1.73,,,,2,1,Bot,,,,,621512,,,4.30529168,-122.2400568,-3.229260728,7.69022409,24.07945972,-30.88845125,3.32,1.69,,,,84.1,2607,6.3,718578,673540,621512,624413,641645,500871,596019,643446,607043,516782,54.18,,,,,,,,8,3,Sweeper,0,0,0,0,0,0,0,0,Standard,Standard,33,0,0.016
ST,4/14/23,84,-2.41,5.48,"Senga, Kodai",667670,673540,,called_strike,,,,,4,Brent Rooker strikes out swinging.,R,R,R,OAK,NYM,S,,,0,1,2023,0.81,0.21,-0.73,2.65,,,,2,1,Bot,,,,,621512,,,2.286121834,-122.4904272,-0.650686501,7.79989654,22.10717213,-30.16684567,3.46,1.69,,,,84.3,2575,6.2,718578,673540,621512,624413,641645,500871,596019,643446,607043,516782,54.29,,,,,,,,8,2,Sweeper,0,0,0,0,0,0,0,0,Standard,Standard,41,0,-0.027
ST,4/14/23,78.1,-1.65,6.06,"Senga, Kodai",676116,673540,,ball,,,,,13,Ryan Noda pops out to catcher Tomas Nido in foul territory.,R,L,R,OAK,NYM,B,,,1,1,2023,0.99,-0.57,-0.05,0.48,,,,1,1,Bot,,,,,621512,,,1.630617618,-113.7123624,-4.035402914,8.231879671,22.16598758,-36.56590692,3.24,1.68,,,,77.7,2563,6.1,718578,673540,621512,624413,641645,500871,596019,643446,607043,516782,54.38,,,,,,,,7,3,Sweeper,0,0,0,0,0,0,0,0,Strategic,Standard,30,0,0.036
ST,4/12/23,82,-2.92,5.1,"Ottavino, Adam",592518,493603,,ball,,,,,14,"Manny Machado grounds into a double play, second baseman Jeff McNeil to shortstop Francisco Lindor to first baseman Pete Alonso.   Trent Grisham out at 2nd.    Manny Machado out at 1st.",R,R,R,NYM,SD,B,,,2,2,2023,0.92,0.19,2.05,1,,,663757,1,9,Top,,,,,621512,,,9.529895886,-119.024853,-2.997120743,6.642285585,25.10701903,-29.94318752,3.74,1.75,,,,82.4,2631,6.9,718610,493603,621512,624413,643446,500871,596019,592192,607043,516782,53.61,,,,,,,,76,6,Sweeper,5,2,2,5,2,5,2,5,Standard,Standard,78,0,0.053
ST,4/12/23,81.7,2.8,5.46,"Raley, Brooks",572761,548384,,ball,,,,,7,Matt Carpenter flies out to left fielder Mark Canha.,R,L,L,NYM,SD,B,,,0,1,2023,-1.85,-0.03,-0.66,2.27,,665742,630105,1,6,Top,,,,,621512,,,-4.180023896,-118.8754225,-0.465811414,-16.49570476,25.43745097,-32.6220565,3.7,1.78,,,,80.4,2908,5.7,718610,548384,621512,624413,643446,500871,596019,592192,607043,516782,54.85,,,,,,,,47,2,Sweeper,3,2,2,3,2,3,2,3,Standard,Strategic,293,0,0.092
ST,4/12/23,82,3.19,5.44,"Raley, Brooks",572761,548384,,foul,,,,,4,Matt Carpenter flies out to left fielder Mark Canha.,R,L,L,NYM,SD,S,,,0,0,2023,-1.28,0.11,-0.42,2.49,,665742,630105,1,6,Top,,,,,621512,,,-5.646639776,-119.2137778,-0.261445817,-10.92809347,24.99706132,-31.34008225,3.57,1.77,179,70.5,57,81.1,2803,5.9,718610,548384,621512,624413,643446,500871,596019,592192,607043,516782,54.56,,,,,,,,47,1,Sweeper,3,2,2,3,2,3,2,3,Standard,Strategic,293,0,-0.043
ST,4/12/23,81.6,-3.05,5.1,"Ottavino, Adam",592518,493603,,ball,,,,,14,"Manny Machado grounds into a double play, second baseman Jeff McNeil to shortstop Francisco Lindor to first baseman Pete Alonso.   Trent Grisham out at 2nd.    Manny Machado out at 1st.",R,R,R,NYM,SD,B,,,0,1,2023,1.13,0.47,1.74,1.28,,,663757,1,9,Top,,,,,621512,,,8.659479649,-118.5937186,-2.930717129,9.115304269,21.67887171,-27.40444866,3.75,1.68,,,,82.4,2707,6.8,718610,493603,621512,624413,643446,500871,596019,592192,607043,516782,53.68,,,,,,,,76,2,Sweeper,5,2,2,5,2,5,2,5,Standard,Standard,85,0,0.044
ST,4/12/23,81.5,3.01,5.51,"Raley, Brooks",630105,548384,,foul,,,,,6,Jake Cronenworth hit by pitch.,R,L,L,NYM,SD,S,,,0,0,2023,-1.34,0.25,0.59,2.57,,665742,,1,6,Top,,,,,621512,,,-2.850113249,-118.6723326,-0.463211598,-11.99047349,24.25310921,-29.97780958,3.3,1.59,15,46.7,-8,80.7,2846,5.9,718610,548384,621512,624413,643446,500871,596019,592192,607043,516782,54.63,,,,,,,,46,1,Sweeper,3,2,2,3,2,3,2,3,Standard,Strategic,291,0,-0.059
ST,4/12/23,81.3,3.08,5.42,"Raley, Brooks",593428,548384,field_out,hit_into_play,,,,,8,"Xander Bogaerts grounds out, shortstop Francisco Lindor to first baseman Pete Alonso.",R,R,L,NYM,SD,X,6,ground_ball,2,2,2023,-1.56,0.13,0.26,1.68,,665742,,0,6,Top,109.03,158.14,,,621512,,,-3.308279743,-118.4121103,-2.037285197,-14.05625659,22.02913154,-30.81177975,3.57,1.68,30,94.8,-2,80.7,2844,5.8,718610,548384,621512,624413,643446,500871,596019,592192,607043,516782,54.73,0.283,0.269,0,1,0,0,2,45,5,Sweeper,3,2,2,3,2,3,2,3,Standard,Standard,287,0.068,-0.163
ST,4/12/23,81.2,2.97,5.43,"Raley, Brooks",593428,548384,,foul,,,,,6,"Xander Bogaerts grounds out, shortstop Francisco Lindor to first baseman Pete Alonso.",R,R,L,NYM,SD,S,,,1,1,2023,-1.32,0.17,0.48,2.48,,665742,,0,6,Top,,,,,621512,,,-3.038768855,-118.2232179,-0.230465362,-11.67688603,25.06887726,-30.82811361,3.57,1.68,201,74.2,47,81,2879,6.3,718610,548384,621512,624413,643446,500871,596019,592192,607043,516782,54.15,,,,,,,,45,3,Sweeper,3,2,2,3,2,3,2,3,Standard,Standard,297,0,-0.065
ST,4/12/23,80.1,-2.89,5.21,"Ottavino, Adam",669134,493603,field_out,hit_into_play,,,,,12,Luis Campusano flies out to left fielder Mark Canha.,R,R,R,NYM,SD,X,7,fly_ball,2,2,2023,0.84,0.24,1.21,3.1,,,,0,9,Top,90.97,94.25,,,621512,,,7.558102426,-116.5179567,1.627445213,6.211840705,21.73729202,-30.50918449,3.37,1.61,276,77.8,33,81,2643,6.9,718610,493603,621512,624413,643446,500871,596019,592192,607043,516782,53.59,0.089,0.087,0,1,0,0,3,74,5,Sweeper,5,2,2,5,2,5,2,5,Standard,Standard,75,0.018,-0.216
ST,4/12/23,81.3,2.82,5.4,"Raley, Brooks",665742,548384,,ball,,,,,13,Juan Soto doubles (3) on a sharp line drive to right fielder Starling Marte.,R,L,L,NYM,SD,B,,,1,2,2023,-1.77,0.39,-1.47,2.07,,,,0,6,Top,,,,,621512,,,-6.180280586,-118.2461552,-1.585063912,-15.30271665,23.5248263,-28.39205854,2.79,1.38,,,,80.8,2917,6,718610,548384,621512,624413,643446,500871,596019,592192,607043,516782,54.46,,,,,,,,44,4,Sweeper,3,2,2,3,2,3,2,3,Strategic,Standard,285,0,0.041
ST,4/12/23,81.3,2.82,5.34,"Raley, Brooks",665742,548384,,ball,,,,,13,Juan Soto doubles (3) on a sharp line drive to right fielder Starling Marte.,R,L,L,NYM,SD,B,,,0,2,2023,-1.53,-0.26,-0.81,1.17,,,,0,6,Top,,,,,621512,,,-5.144570426,-118.3208561,-2.195381226,-13.250039,24.05634133,-34.34089753,2.79,1.41,,,,80.1,2937,5.6,718610,548384,621512,624413,643446,500871,596019,592192,607043,516782,54.88,,,,,,,,44,3,Sweeper,3,2,2,3,2,3,2,3,Strategic,Standard,292,0,0.03
ST,4/12/23,82.2,2.91,5.45,"Raley, Brooks",665742,548384,,swinging_strike,,,,,13,Juan Soto doubles (3) on a sharp line drive to right fielder Starling Marte.,R,L,L,NYM,SD,S,,,0,1,2023,-1.32,-0.05,-1.06,1.8,,,,0,6,Top,,,,,621512,,,-6.379427838,-119.5725917,-1.630462613,-11.44777301,23.06834146,-32.59187554,3.15,1.57,,,,81.4,2893,5.8,718610,548384,621512,624413,643446,500871,596019,592192,607043,516782,54.71,,,,,,,,44,2,Sweeper,3,2,2,3,2,3,2,3,Strategic,Standard,289,0,-0.057
ST,4/12/23,77.4,-2.89,5.13,"Ottavino, Adam",669134,493603,,ball,,,,,14,Luis Campusano flies out to left fielder Mark Canha.,R,R,R,NYM,SD,B,,,0,0,2023,0.87,0.15,0.79,0.86,,,,0,9,Top,,,,,621512,,,6.299293329,-112.496376,-2.400420813,6.18433831,21.62978342,-30.68649433,2.98,1.13,,,,77.9,2600,6.9,718610,493603,621512,624413,643446,500871,596019,592192,607043,516782,53.63,,,,,,,,74,1,Sweeper,5,2,2,5,2,5,2,5,Standard,Standard,69,0,0.044
ST,4/11/23,83.5,2.94,5.39,"Raley, Brooks",443558,548384,,foul,,,,,4,Nelson Cruz flies out to right fielder Starling Marte.,R,R,L,NYM,SD,S,,,0,0,2023,-1.16,0.35,-0.54,2.58,,,,1,8,Top,,,,,682626,,,-5.697843211,-121.4549093,-0.648727573,-10.09742629,26.45427965,-28.83358662,3.61,1.66,30,85.5,-3,82.8,2913,6.1,718621,548384,682626,624413,643446,500871,596019,502054,607043,516782,54.42,,,,,,,,56,1,Sweeper,1,2,2,1,2,1,2,1,Standard,Standard,286,0,-0.034
ST,4/11/23,81.7,2.93,5.31,"Raley, Brooks",665742,548384,field_out,hit_into_play,,,,,4,"Juan Soto grounds out, second baseman Jeff McNeil to first baseman Pete Alonso.",R,L,L,NYM,SD,X,4,ground_ball,2,2,2023,-1.46,0.15,-0.42,2.15,,,,0,8,Top,148.78,159.22,,,682626,,,-4.697251328,-118.7927121,-0.725488941,-12.73233034,25.56616722,-30.86508671,3.11,1.55,3,60.5,-34,81.1,2984,6.2,718621,548384,682626,624413,643446,500871,596019,502054,607043,516782,54.32,0.071,0.069,0,1,0,0,2,55,5,Sweeper,1,2,2,1,2,1,2,1,Strategic,Standard,290,0.022,-0.216
ST,4/11/23,82.7,2.88,5.24,"Raley, Brooks",665742,548384,,ball,,,,,13,"Juan Soto grounds out, second baseman Jeff McNeil to first baseman Pete Alonso.",R,L,L,NYM,SD,B,,,1,2,2023,-1.37,0.28,-1.7,1.16,,,,0,8,Top,,,,,682626,,,-7.75223476,-120.1323405,-3.266812731,-11.48795428,25.73674305,-28.97469799,2.96,1.46,,,,82.3,2945,6.4,718621,548384,682626,624413,643446,500871,596019,502054,607043,516782,54.12,,,,,,,,55,4,Sweeper,1,2,2,1,2,1,2,1,Strategic,Standard,293,0,0.041
ST,4/11/23,81.5,2.95,5.35,"Raley, Brooks",665742,548384,,ball,,,,,7,"Juan Soto grounds out, second baseman Jeff McNeil to first baseman Pete Alonso.",R,L,L,NYM,SD,B,,,0,0,2023,-1.27,0.33,-0.75,1.86,,,,0,8,Top,,,,,682626,,,-5.820491481,-118.6020965,-1.79020698,-10.68961289,25.08841763,-28.94613485,3.17,1.49,,,,80.6,2954,5.9,718621,548384,682626,624413,643446,500871,596019,502054,607043,516782,54.62,,,,,,,,55,1,Sweeper,1,2,2,1,2,1,2,1,Standard,Standard,289,0,0.044
ST,4/10/23,79.6,-3.03,5.07,"Ottavino, Adam",673490,493603,,ball,,,,,12,Ha-Seong Kim called out on strikes.,R,R,R,NYM,SD,B,,,0,1,2023,1.59,0.18,1.21,2.89,593428,,,2,9,Top,,,,,621512,,,6.3801197,-115.6523086,1.783281264,12.80082817,24.42339095,-31.23239082,3.32,1.48,,,,79.9,2503,6.9,718634,493603,621512,624413,641645,500871,596019,592192,607043,643446,53.59,,,,,,,,67,2,Sweeper,5,0,0,5,0,5,0,5,Standard,Standard,75,0,0.029
ST,4/10/23,81.6,-2.83,5.41,"Ottavino, Adam",630105,493603,,blocked_ball,,,,,14,Jake Cronenworth strikes out on a foul tip.,R,L,R,NYM,SD,B,,,1,2,2023,1.47,0.27,0.62,0.76,593428,,,1,9,Top,,,,,621512,,,4.988194132,-118.7130321,-4.395526723,12.76512668,24.47331569,-28.96824888,3.38,1.6,,,,82.6,2600,7.1,718634,493603,621512,624413,641645,500871,596019,592192,607043,643446,53.37,,,,,,,,66,5,Sweeper,5,0,0,5,0,5,0,5,Strategic,Standard,70,0,-0.005
ST,4/10/23,78.9,-3.03,5.12,"Ottavino, Adam",593428,493603,single,hit_into_play,,,,,5,Xander Bogaerts singles on a line drive to left fielder Mark Canha.,R,R,R,NYM,SD,X,7,line_drive,0,1,2023,1.52,-0.01,0.11,2.39,,,,0,9,Top,65.47,117.84,,,621512,,,4.022488053,-114.8362505,1.012802745,12.51036645,24.08357814,-32.75962184,3.54,1.68,221,102.4,8,79.2,2635,6.8,718634,493603,621512,624413,641645,500871,596019,592192,607043,643446,53.74,0.703,0.689,0.9,1,1,0,4,64,2,Sweeper,5,0,0,5,0,5,0,5,Standard,Standard,71,-0.007,0.439
ST,4/8/23,84.3,-2.26,5.31,"Senga, Kodai",541645,673540,field_out,hit_into_play,,,,,8,"Avisail Garcia grounds out, third baseman Eduardo Escobar to first baseman Mark Canha.",R,R,R,NYM,MIA,X,5,ground_ball,0,0,2023,1.4,-0.09,0.06,2.06,650333,,516416,2,6,Top,110.97,173.64,,,621512,,,2.621600548,-122.7925233,-1.014226361,13.59394484,24.94381143,-33.12046869,3.55,1.81,4,83.8,-27,84.6,2576,6.5,718661,673540,621512,592192,643446,500871,596019,502054,607043,516782,54,0.051,0.046,0,1,0,0,2,47,1,Sweeper,3,1,1,3,1,3,1,3,Standard,Standard,47,0.064,-0.503
ST,4/8/23,82.7,-1.91,5.64,"Senga, Kodai",516416,673540,,ball,,,,,14,Jean Segura walks.,R,R,R,NYM,MIA,B,,,2,0,2023,1.33,-0.06,0.94,1.01,650333,,,2,6,Top,,,,,621512,,,3.947832913,-120.4220444,-4.01317102,12.26350847,22.09060061,-32.25183505,3.01,1.37,,,,83.5,2593,6.6,718661,673540,621512,592192,643446,500871,596019,502054,607043,516782,53.86,,,,,,,,46,3,Sweeper,3,1,1,3,1,3,1,3,Standard,Standard,34,0,-0.044
ST,4/8/23,83.9,-2.12,5.37,"Senga, Kodai",624585,673540,,ball,,,,,14,Jorge Soler flies out to right fielder Starling Marte.   Luis Arraez to 3rd.,R,R,R,NYM,MIA,B,,,0,2,2023,1.31,-0.14,3.4,0.04,,,650333,1,6,Top,,,,,621512,,,10.23462732,-121.7093749,-5.570591912,10.66493582,27.02550632,-32.46255915,3.59,1.71,,,,84,2748,6.8,718661,673540,621512,592192,643446,500871,596019,502054,607043,516782,53.7,,,,,,,,45,3,Sweeper,3,1,1,3,1,3,1,3,Standard,Standard,32,-0.018,0.021
ST,4/8/23,81.1,-2.18,5.5,"Senga, Kodai",665862,673540,home_run,hit_into_play,,,,,9,Jazz Chisholm Jr.  homers (2) on a fly ball to right field.,R,L,R,NYM,MIA,X,,fly_ball,1,1,2023,1.14,0.11,0.46,1.98,,,,0,6,Top,211.44,65.44,,,621512,,,3.742598981,-118.1227028,-1.483308839,10.04480648,21.87800093,-31.05637479,3.63,1.76,391,105.8,26,81.7,2642,6.6,718661,673540,621512,592192,643446,500871,596019,502054,607043,516782,53.92,0.937,1.826,2,1,0,3,6,42,3,Sweeper,3,0,0,3,1,3,1,3,Standard,Standard,56,-0.083,1.015
ST,4/8/23,82.7,-1.71,5.86,"Senga, Kodai",542932,673540,,ball,,,,,14,Jon Berti strikes out swinging.,R,R,R,NYM,MIA,B,,,0,1,2023,1.36,-0.58,0.46,-0.06,,,,2,5,Top,,,,,621512,,,2.303911,-120.259539,-5.797970258,12.55671625,26.38488566,-36.75210036,3.33,1.48,,,,82.7,2722,6.6,718661,673540,621512,592192,643446,500871,596019,502054,607043,516782,53.85,,,,,,,,36,2,Sweeper,1,0,0,1,0,1,0,1,Standard,Standard,34,0,0.017
ST,4/8/23,81.8,-2.25,5.29,"Senga, Kodai",650559,673540,,foul,,,,,5,"Bryan De La Cruz grounds out, shortstop Francisco Lindor to first baseman Mark Canha.",R,R,R,NYM,MIA,S,,,1,1,2023,1.36,-0.23,-0.09,2.47,,,,0,5,Top,,,,,621512,,,2.257696073,-119.014906,0.75430208,12.27142446,25.78401376,-34.76233753,3.55,1.72,282,91.8,30,81.6,2698,6.5,718661,673540,621512,592192,643446,500871,596019,502054,607043,516782,54.02,,,,,,,,34,3,Sweeper,1,0,0,1,0,1,0,1,Standard,Standard,52,0,-0.057
ST,4/8/23,78.7,-2.13,5.46,"Senga, Kodai",650559,673540,,called_strike,,,,,5,"Bryan De La Cruz grounds out, shortstop Francisco Lindor to first baseman Mark Canha.",R,R,R,NYM,MIA,S,,,0,0,2023,1.45,-0.28,-0.03,2.31,,,,0,5,Top,,,,,621512,,,1.865766845,-114.5771076,0.559034569,12.31904897,23.18815804,-34.9494085,3.56,1.69,,,,78.6,2605,6.4,718661,673540,621512,592192,643446,500871,596019,502054,607043,516782,54.09,,,,,,,,34,1,Sweeper,1,0,0,1,0,1,0,1,Standard,Standard,48,0,-0.044
ST,4/8/23,81.4,-2.23,5.53,"Senga, Kodai",516416,673540,,foul,,,,,4,"Jean Segura grounds out, shortstop Francisco Lindor to first baseman Mark Canha.",R,R,R,NYM,MIA,S,,,0,1,2023,1.32,-0.17,-0.39,2.35,,,,1,4,Top,,,,,621512,,,1.59433818,-118.5212237,-0.146633124,12.04910802,24.22003944,-33.99573842,3.09,1.46,183,64.2,44,81.4,2713,6.4,718661,673540,621512,592192,643446,500871,596019,502054,607043,516782,54.08,,,,,,,,28,2,Sweeper,1,0,0,1,0,1,0,1,Standard,Standard,41,0,-0.034
ST,4/8/23,79.1,-2.06,5.62,"Senga, Kodai",624585,673540,field_out,hit_into_play,,,,,5,Jorge Soler pops out to second baseman Jeff McNeil.,R,R,R,NYM,MIA,X,4,popup,0,0,2023,1.3,0.1,0.01,2.91,,,,0,4,Top,133.59,162.96,,,621512,,,2.094437958,-115.1873277,0.664847518,11.26539723,20.3824103,-31.6162178,3.53,1.72,99,80.9,68,79.5,2568,6.4,718661,673540,621512,592192,643446,500871,596019,502054,607043,516782,54.08,0.003,0.004,0,1,0,0,3,27,1,Sweeper,1,0,0,1,0,1,0,1,Standard,Standard,49,0.028,-0.247
ST,4/8/23,83,-2.13,5.42,"Senga, Kodai",643265,673540,walk,ball,,,,,14,Garrett Cooper walks.,R,R,R,NYM,MIA,B,,,3,2,2023,0.66,-0.43,0.8,1.01,,,,2,3,Top,,,,,621512,,,5.411942844,-120.7238569,-2.728424101,5.257019033,25.46286103,-36.00902354,3.53,1.71,,,,83,2749,6.5,718661,673540,621512,592192,643446,500871,596019,502054,607043,516782,54,,,0.7,1,0,0,,21,7,Sweeper,1,0,0,1,0,1,0,1,Standard,Standard,42,-0.014,0.087
ST,4/8/23,82.7,-1.97,5.49,"Senga, Kodai",643265,673540,,called_strike,,,,,9,Garrett Cooper walks.,R,R,R,NYM,MIA,S,,,0,1,2023,1.57,0.12,0.78,2.11,,,,2,3,Top,,,,,621512,,,3.206304207,-120.4313233,-1.434625595,14.57996046,24.32142694,-30.89464539,3.47,1.77,,,,83,2705,6.5,718661,673540,621512,592192,643446,500871,596019,502054,607043,516782,53.96,,,,,,,,21,2,Sweeper,1,0,0,1,0,1,0,1,Standard,Standard,52,0,-0.027
ST,4/8/23,81.1,-1.91,5.54,"Senga, Kodai",542932,673540,,called_strike,,,,,5,Jon Berti flies out to center fielder Brandon Nimmo.,R,R,R,NYM,MIA,S,,,0,0,2023,0.88,-0.07,0.15,2.51,,,,0,3,Top,,,,,621512,,,2.946808565,-118.0346189,0.051061486,7.524663735,24.97019839,-33.08988303,3.33,1.46,,,,80.9,2694,6.4,718661,673540,621512,592192,643446,500871,596019,502054,607043,516782,54.1,,,,,,,,19,1,Sweeper,1,0,0,1,0,1,0,1,Strategic,Standard,50,0,-0.044
ST,4/8/23,84.7,-2.15,5.47,"Senga, Kodai",663743,673540,,ball,,,,,14,Nick Fortes called out on strikes.,R,R,R,NYM,MIA,B,,,0,1,2023,1.49,-0.1,1.01,1.43,,,,2,2,Top,,,,,621512,,,4.40428195,-123.293466,-2.877832112,14.22443631,26.01479749,-32.78727526,3.3,1.57,,,,84.8,2823,6.4,718661,673540,621512,592192,643446,500871,596019,502054,607043,516782,54.05,,,,,,,,15,2,Sweeper,1,0,0,1,0,1,0,1,Standard,Standard,43,0,0.017
ST,4/8/23,83.8,-1.97,5.63,"Senga, Kodai",650559,673540,,foul,,,,,8,Bryan De La Cruz strikes out swinging.,R,R,R,NYM,MIA,S,,,1,2,2023,0.9,0.14,-0.03,2.07,,,,1,2,Top,,,,,621512,,,2.697024486,-122.0685122,-2.096568408,8.501038455,24.2081792,-30.5746205,3.55,1.72,215,74.6,42,84.2,2628,6.5,718661,673540,621512,592192,643446,500871,596019,502054,607043,516782,54,,,,,,,,14,4,Sweeper,1,0,0,1,0,1,0,1,Standard,Standard,35,0,0
ST,4/8/23,83.1,-1.93,5.78,"Senga, Kodai",541645,673540,,foul,,,,,5,Avisail Garcia strikes out swinging.,R,R,R,NYM,MIA,S,,,2,1,2023,1.01,-0.09,0.2,2.4,,,,0,2,Top,,,,,621512,,,2.901665192,-121.1052303,-1.168706648,9.457778217,22.60766219,-33.0046908,3.55,1.81,130,65.7,64,83.7,2640,6.5,718661,673540,621512,592192,643446,500871,596019,502054,607043,516782,53.98,,,,,,,,13,4,Sweeper,1,0,0,1,0,1,0,1,Standard,Standard,35,0,-0.071
ST,4/8/23,83.8,-2.2,5.53,"Senga, Kodai",624585,673540,,swinging_strike,,,,,14,Jorge Soler strikes out swinging.,R,R,R,NYM,MIA,S,,,0,1,2023,1.38,-0.21,0.9,2.37,,643265,650333,1,1,Top,,,,,621512,,,4.446820182,-121.9931664,-0.399172469,12.74977376,26.44303754,-34.38410988,3.53,1.72,,,,83.8,2778,6.5,718661,673540,621512,592192,643446,500871,596019,502054,607043,516782,54.02,,,,,,,,4,2,Sweeper,0,0,0,0,0,0,0,0,Standard,Standard,38,0,-0.095
ST,4/8/23,80.5,2.96,5.44,"Raley, Brooks",650333,548384,,ball,,,,,14,Luis Arraez singles on a line drive to right fielder Starling Marte.   Bryan De La Cruz scores.    Jon Berti to 3rd.    Garrett Cooper to 2nd.,R,L,L,NYM,MIA,B,,,0,0,2023,-1.62,-0.22,0.83,1.55,650559,542932,643265,2,7,Top,,,,,621512,,,-1.634259597,-117.200398,-1.51064075,-14.53648273,24.13339945,-34.08278336,3.15,1.47,,,,79.8,2767,6,718661,548384,621512,592192,643446,500871,596019,502054,607043,516782,54.51,,,,,,,,60,1,Sweeper,5,1,1,5,1,5,1,5,Standard,Standard,289,0,0.078
ST,4/8/23,81.4,-2.03,5.66,"Senga, Kodai",624585,673540,,called_strike,,,,,9,Jorge Soler strikes out swinging.,R,R,R,NYM,MIA,S,,,0,0,2023,1.5,-0.24,0.5,1.95,,643265,650333,1,1,Top,,,,,621512,,,2.800342539,-118.4184204,-1.144833826,13.29539068,26.39194122,-34.35696932,3.5,1.71,,,,81.1,2776,6.5,718661,673540,621512,592192,643446,500871,596019,502054,607043,516782,54.01,,,,,,,,4,1,Sweeper,0,0,0,0,0,0,0,0,Standard,Standard,36,0,-0.043
ST,4/8/23,84.3,-2.02,5.57,"Senga, Kodai",643265,673540,,ball,,,,,14,Garrett Cooper singles on a ground ball to center fielder Brandon Nimmo.,R,R,R,NYM,MIA,B,,,0,1,2023,1.08,-0.15,1.48,0.72,,,,1,1,Top,,,,,621512,,,6.012966478,-122.6008858,-4.561016879,9.618043191,25.46816059,-32.98501338,3.53,1.74,,,,84.6,2656,6.6,718661,673540,621512,592192,643446,500871,596019,502054,607043,516782,53.9,,,,,,,,2,2,Sweeper,0,0,0,0,0,0,0,0,Standard,Standard,32,0,0.025
ST,4/8/23,81.5,2.83,5.47,"Raley, Brooks",665862,548384,field_out,hit_into_play,,,,,7,Jazz Chisholm Jr.  lines out to left fielder Tommy Pham.,R,L,L,NYM,MIA,X,7,line_drive,2,2,2023,-1.59,0.2,-0.81,2,,650559,542932,1,7,Top,72.49,112.23,,,621512,,,-5.139429316,-118.5763776,-1.534043871,-13.74486027,25.18288868,-30.16738284,3.63,1.76,254,84.4,20,81.1,2949,6.3,718661,548384,621512,592192,643446,500871,596019,502054,607043,516782,54.22,0.751,0.71,0,1,0,0,4,58,6,Sweeper,5,1,1,5,1,5,1,5,Standard,Standard,292,0.033,-0.381
ST,4/8/23,81,2.87,5.51,"Raley, Brooks",665862,548384,,foul,,,,,5,Jazz Chisholm Jr.  lines out to left fielder Tommy Pham.,R,L,L,NYM,MIA,S,,,2,2,2023,-1.84,0.3,-0.24,2.51,,650559,542932,1,7,Top,,,,,621512,,,-3.376093036,-117.8444717,-0.480139429,-16.00752697,28.42404687,-29.55014728,3.63,1.76,167,67.3,49,79.7,2902,6,718661,548384,621512,592192,643446,500871,596019,502054,607043,516782,54.48,,,,,,,,58,5,Sweeper,5,1,1,5,1,5,1,5,Standard,Standard,297,0,0
ST,4/7/23,80.1,-2.78,5.4,"Ottavino, Adam",660821,493603,,ball,,,,,11,Jesus Sanchez called out on strikes.,R,L,R,NYM,MIA,B,,,1,1,2023,1.46,0.45,-0.89,2.84,,,,2,7,Top,,,,,621512,,,1.435083369,-116.6808672,0.231676774,12.95561631,23.43379564,-28.32619234,3.43,1.58,,,,80.7,2754,6.8,718693,493603,621512,624413,643446,500871,596019,592192,607043,516782,53.69,,,,,,,,56,3,Sweeper,4,0,0,4,0,4,0,4,Standard,Standard,69,0,0.028
ST,4/7/23,81.7,2.86,5.48,"Raley, Brooks",541645,548384,,ball,,,,,13,"Avisail Garcia grounds out sharply, shortstop Francisco Lindor to first baseman Pete Alonso.",R,R,L,NYM,MIA,B,,,2,1,2023,-1.47,0.24,-0.73,1.71,,,665862,2,8,Top,,,,,621512,,,-5.201088317,-118.884174,-2.29859684,-12.80421895,24.86411029,-29.68548,3.68,1.87,,,,80.8,2832,5.9,718693,548384,621512,624413,643446,500871,596019,592192,607043,516782,54.59,,,,,,,,68,4,Sweeper,6,3,3,6,3,6,3,6,Standard,Standard,286,0,0.028
ST,4/7/23,81.4,2.96,5.43,"Raley, Brooks",541645,548384,,ball,,,,,14,"Avisail Garcia grounds out sharply, shortstop Francisco Lindor to first baseman Pete Alonso.",R,R,L,NYM,MIA,B,,,0,1,2023,-1.53,-0.16,0.9,1.57,,,665862,2,8,Top,,,,,621512,,,-1.670002401,-118.6080503,-1.775560858,-14.15288884,22.72860695,-33.52098969,3.68,1.87,,,,80.9,2852,5.8,718693,548384,621512,624413,643446,500871,596019,592192,607043,516782,54.65,,,,,,,,68,2,Sweeper,6,3,3,6,3,6,3,6,Standard,Standard,285,0,0.045
ST,4/7/23,82.4,-2.8,5.2,"Ottavino, Adam",516416,493603,,ball,,,,,14,Jean Segura called out on strikes.,R,R,R,NYM,MIA,B,,,0,2,2023,1.16,0.22,1.61,1.46,,,,1,7,Top,,,,,621512,,,7.832386695,-119.6689347,-2.287360942,9.244977739,27.01884957,-29.8115477,3.05,1.52,,,,82.6,2629,6.9,718693,493603,621512,624413,643446,500871,596019,592192,607043,516782,53.6,,,,,,,,55,3,Sweeper,4,0,0,4,0,4,0,4,Standard,Standard,73,0,0.016
ST,4/7/23,78.5,-2.85,5.29,"Ottavino, Adam",516416,493603,,foul,,,,,11,Jean Segura called out on strikes.,R,R,R,NYM,MIA,S,,,0,1,2023,1.56,0.58,-0.22,3.34,,,,1,7,Top,,,,,621512,,,2.818800123,-114.1234167,1.741974021,12.85419709,24.84760963,-27.81287483,3.1,1.46,,,,79,2624,7.1,718693,493603,621512,624413,643446,500871,596019,592192,607043,516782,53.42,,,,,,,,55,2,Sweeper,4,0,0,4,0,4,0,4,Standard,Standard,77,0,-0.034
ST,4/7/23,81.8,2.89,5.46,"Raley, Brooks",665862,548384,,foul,,,,,7,Jazz Chisholm Jr.  singles on a ground ball to center fielder Brandon Nimmo.,R,L,L,NYM,MIA,S,,,3,2,2023,-1.52,0.47,-0.52,2.12,,,,2,8,Top,,,,,621512,,,-4.722861206,-119.094558,-1.854627803,-13.49356091,23.55677733,-27.54313287,3.63,1.76,,,,81.2,2739,5.9,718693,548384,621512,624413,643446,500871,596019,592192,607043,516782,54.6,,,,,,,,67,6,Sweeper,6,3,3,6,3,6,3,6,Standard,Standard,297,0,0
ST,4/7/23,81.5,-2.78,5.29,"Ottavino, Adam",541645,493603,field_out,hit_into_play,,,,,12,Avisail Garcia pops out to second baseman Jeff McNeil.,R,R,R,NYM,MIA,X,4,popup,2,2,2023,1.16,0.02,1.1,2.75,,,,0,7,Top,176.61,150.18,,,621512,,,6.555051194,-118.4817116,0.947472432,9.516715786,24.67372778,-32.39754513,3.55,1.81,176,76,58,82.2,2688,7,718693,493603,621512,624413,643446,500871,596019,592192,607043,516782,53.51,0.049,0.052,0,1,0,0,3,54,5,Sweeper,4,0,0,4,0,4,0,4,Standard,Standard,74,0.014,-0.216
ST,4/7/23,82,-2.92,5.21,"Ottavino, Adam",541645,493603,,ball,,,,,14,Avisail Garcia pops out to second baseman Jeff McNeil.,R,R,R,NYM,MIA,B,,,1,2,2023,0.93,-0.11,1.24,0.91,,,,0,7,Top,,,,,621512,,,7.656111388,-119.0546393,-2.738461971,6.70320925,29.62261723,-32.78488237,3.63,1.9,,,,81.6,2684,6.8,718693,493603,621512,624413,643446,500871,596019,592192,607043,516782,53.69,,,,,,,,54,4,Sweeper,4,0,0,4,0,4,0,4,Standard,Standard,73,0,0.041
ST,4/7/23,81.1,-2.83,5.27,"Ottavino, Adam",541645,493603,,ball,,,,,14,Avisail Garcia pops out to second baseman Jeff McNeil.,R,R,R,NYM,MIA,B,,,0,2,2023,1.59,0.2,1.9,2.24,,,,0,7,Top,,,,,621512,,,7.584251596,-117.6661309,-0.274784973,12.47449969,29.48654201,-30.60729858,3.74,1.9,,,,80.6,2700,6.9,718693,493603,621512,624413,643446,500871,596019,592192,607043,516782,53.62,,,,,,,,54,3,Sweeper,4,0,0,4,0,4,0,4,Standard,Standard,75,0,0.03
ST,4/7/23,80.8,3,5.53,"Raley, Brooks",665862,548384,,called_strike,,,,,8,Jazz Chisholm Jr.  singles on a ground ball to center fielder Brandon Nimmo.,R,L,L,NYM,MIA,S,,,1,0,2023,-1.51,0.01,0.02,2.09,,,,2,8,Top,,,,,621512,,,-3.717911911,-117.6414489,-0.994403163,-13.19945991,23.8716018,-32.10961444,3.8,1.84,,,,79.8,2710,5.7,718693,548384,621512,624413,643446,500871,596019,592192,607043,516782,54.81,,,,,,,,67,2,Sweeper,6,3,3,6,3,6,3,6,Standard,Standard,285,0,-0.029
ST,4/7/23,79.5,-2.77,5.21,"Ottavino, Adam",541645,493603,,swinging_strike,,,,,14,Avisail Garcia pops out to second baseman Jeff McNeil.,R,R,R,NYM,MIA,S,,,0,0,2023,1.63,0.54,2.37,2.16,,,,0,7,Top,,,,,621512,,,8.282184722,-115.4426445,-0.7932687,12.50938745,25.81339681,-27.46305143,3.55,1.81,,,,79.7,2530,7,718693,493603,621512,624413,643446,500871,596019,592192,607043,516782,53.48,,,,,,,,54,1,Sweeper,4,0,0,4,0,4,0,4,Standard,Standard,68,0,-0.044
ST,4/5/23,80.2,-2.94,5.4,"Ottavino, Adam",669003,493603,,ball,,,,,14,Garrett Mitchell homers (3) on a fly ball to right center field.,R,L,R,MIL,NYM,B,,,1,2,2023,1.8,0.24,1.45,1.1,,,,0,9,Bot,,,,,621512,,,6.361040767,-116.4782718,-3.123715093,14.68046491,26.14359543,-29.53794773,3.25,1.45,,,,80.4,2694,7,718698,493603,621512,624413,643446,641645,596019,592192,607043,516782,53.51,,,,,,,,75,4,Sweeper,6,6,6,6,6,6,6,6,Standard,Standard,66,0,0.041
ST,4/4/23,80.9,2.85,5.36,"Raley, Brooks",642133,548384,strikeout,swinging_strike,,,,,7,Rowdy Tellez strikes out swinging.,R,L,L,MIL,NYM,S,2,,1,2,2023,-1.55,0.48,-0.69,1.83,,592885,642715,1,7,Bot,,,,,621512,,,-4.912213073,-117.7759695,-2.087733443,-13.29955935,24.08114185,-27.54872499,3.53,1.68,,,,79.8,2839,5.7,718712,548384,621512,624413,643446,500871,596019,592192,607043,516782,54.84,,,0,1,0,0,,58,4,Sweeper,5,0,5,0,0,5,5,0,Standard,Standard,280,-0.002,-0.388
ST,4/4/23,82.1,2.96,5.42,"Raley, Brooks",642133,548384,,called_strike,,,,,9,Rowdy Tellez strikes out swinging.,R,L,L,MIL,NYM,S,,,1,1,2023,-1.11,0.1,0.37,1.85,,592885,642715,1,7,Bot,,,,,621512,,,-3.673031663,-119.489485,-1.711217153,-9.834883752,23.75716684,-31.06784424,3.54,1.68,,,,81,2900,5.6,718712,548384,621512,624413,643446,500871,596019,592192,607043,516782,54.93,,,,,,,,58,3,Sweeper,5,0,5,0,0,5,5,0,Standard,Standard,291,0,-0.1
ST,4/4/23,81.1,3,5.41,"Raley, Brooks",642715,548384,,blocked_ball,,,,,13,Willy Adames singles on a soft fly ball to shortstop Francisco Lindor.   Christian Yelich to 2nd.,R,R,L,MIL,NYM,B,,,1,2,2023,-1.47,-0.15,-0.64,0.53,,,592885,1,7,Bot,,,,,621512,,,-5.266404047,-117.9410757,-3.891749395,-12.45689053,25.27585082,-32.91966249,3.55,1.68,,,,79.8,2931,5.7,718712,548384,621512,624413,643446,500871,596019,592192,607043,516782,54.82,,,,,,,,57,4,Sweeper,5,0,5,0,0,5,5,0,Standard,Standard,296,0,0.057
ST,4/4/23,80.6,-3.02,5.24,"Ottavino, Adam",686894,493603,,foul,,,,,14,Joey Wiemer singles on a ground ball to second baseman Jeff McNeil.,R,R,R,MIL,NYM,S,,,2,2,2023,1.36,0.3,0.98,2.45,,,,1,8,Bot,,,,,621512,,,6.371448921,-117.1776408,-0.005826425,11.02758308,24.78455039,-29.64681611,3.55,1.63,165,61.2,42,80.9,2754,6.8,718712,493603,621512,624413,643446,500871,641645,641796,607043,592192,53.71,,,,,,,,67,6,Sweeper,9,0,9,0,0,9,9,0,Standard,Standard,67,0,0
ST,4/4/23,80.2,-3.13,5.25,"Ottavino, Adam",686894,493603,,foul,,,,,14,Joey Wiemer singles on a ground ball to second baseman Jeff McNeil.,R,R,R,MIL,NYM,S,,,0,0,2023,1.5,0.26,1.07,2.17,,,,1,8,Bot,,,,,621512,,,6.483490228,-116.6085355,-0.531209533,12.28814069,23.78616061,-29.92981191,3.55,1.63,158,60.8,50,80.6,2756,6.8,718712,493603,621512,624413,643446,500871,641645,641796,607043,592192,53.73,,,,,,,,67,1,Sweeper,9,0,9,0,0,9,9,0,Standard,Standard,66,0,-0.034
ST,4/4/23,82.5,2.91,5.4,"Raley, Brooks",572228,548384,,ball,,,,,13,Luke Voit flies out to shortstop Francisco Lindor.,R,R,L,MIL,NYM,B,,,0,2,2023,-1.03,0.43,-0.49,1.25,,,592885,0,7,Bot,,,,,621512,,,-5.64330697,-120.0267981,-3.695739408,-8.851118658,23.55905008,-27.50579329,3.54,1.67,,,,81.3,2884,5.5,718712,548384,621512,624413,643446,500871,596019,592192,607043,516782,55,,,,,,,,56,3,Sweeper,5,0,5,0,0,5,5,0,Standard,Standard,298,0,0.036
ST,4/4/23,81.2,-2.95,5.48,"Ottavino, Adam",668930,493603,,ball,,,,,14,Brice Turang flies out to left fielder Tim Locastro.,R,L,R,MIL,NYM,B,,,1,2,2023,1.61,0.14,1.2,1.43,,,,0,8,Bot,,,,,621512,,,6.256649854,-118.1199109,-2.666111486,13.65651043,24.81735479,-30.56933844,3.34,1.53,,,,81.6,2823,6.8,718712,493603,621512,624413,643446,500871,641645,641796,607043,592192,53.66,,,,,,,,66,5,Sweeper,9,0,9,0,0,9,9,0,Strategic,Standard,65,0,0.041
ST,4/4/23,81.5,2.85,5.46,"Raley, Brooks",592885,548384,,ball,,,,,13,Christian Yelich singles on a line drive to right fielder Starling Marte.,R,L,L,MIL,NYM,B,,,0,1,2023,-1.23,0.33,-1.51,1.75,,,,0,7,Bot,,,,,621512,,,-7.374061531,-118.5431054,-2.314684311,-10.02804256,23.82461636,-28.77931363,3.35,1.64,,,,80.5,2925,5.7,718712,548384,621512,624413,643446,500871,596019,592192,607043,516782,54.79,,,,,,,,55,2,Sweeper,5,0,5,0,0,5,5,0,Standard,Standard,299,0,0.03
ST,4/2/23,84.1,-2.37,5.39,"Senga, Kodai",624585,673540,,foul,,,,,8,Jorge Soler strikes out swinging.,R,R,R,MIA,NYM,S,,,3,2,2023,1.07,0.14,-0.09,2.13,,,650333,2,5,Bot,,,,,621512,,,3.177361033,-122.4797609,-1.401198878,10.05773409,25.69426958,-30.71293754,3.54,1.7,6,92.5,-19,84.1,2850,6.4,718741,673540,621512,624413,643446,500871,596019,641796,502054,516782,54.11,,,,,,,,42,7,Sweeper,1,4,1,4,4,1,1,4,Standard,Standard,31,0,0
ST,4/2/23,83.3,-2.29,5.4,"Senga, Kodai",624585,673540,,ball,,,,,11,Jorge Soler strikes out swinging.,R,R,R,MIA,NYM,B,,,0,1,2023,1.47,-0.22,-1.03,4.33,,,650333,2,5,Bot,,,,,621512,,,-0.005385591,-121.1142182,4.498208885,14.37834556,25.31202498,-35.4594635,3.44,1.7,,,,83.3,2749,6.5,718741,673540,621512,624413,643446,500871,596019,641796,502054,516782,54,,,,,,,,42,2,Sweeper,1,4,1,4,4,1,1,4,Standard,Standard,48,0,0.045
ST,4/2/23,81.2,-2.17,5.43,"Senga, Kodai",624585,673540,,foul,,,,,11,Jorge Soler strikes out swinging.,R,R,R,MIA,NYM,S,,,0,0,2023,0.47,-0.07,-1.04,3.09,,,650333,2,5,Bot,,,,,621512,,,1.635722022,-118.2823508,1.51805541,4.097725131,22.94730207,-33.3415362,3.54,1.7,,,,81.5,2400,6.4,718741,673540,621512,624413,643446,500871,596019,641796,502054,516782,54.05,,,,,,,,42,1,Sweeper,1,4,1,4,4,1,1,4,Standard,Standard,70,0,-0.042
ST,4/2/23,83.5,-1.87,5.64,"Senga, Kodai",621563,673540,field_out,hit_into_play,,,,,9,Joey Wendle flies out to right fielder Starling Marte.,R,L,R,MIA,NYM,X,9,fly_ball,0,1,2023,1.28,-0.05,0.51,1.84,,,,1,5,Bot,200.7,109.91,,,621512,,,2.965599401,-121.6329175,-2.206962477,12.11928054,24.6314838,-32.46369229,3.22,1.57,323,96.7,23,83.4,2744,6.2,718741,673540,621512,624413,643446,500871,596019,641796,502054,516782,54.26,0.297,0.405,0,1,0,0,5,40,2,Sweeper,1,4,1,4,4,1,1,4,Standard,Standard,36,-0.016,-0.143
ST,4/2/23,83.3,-1.96,5.61,"Senga, Kodai",542932,673540,,called_strike,,,,,1,"Jon Berti grounds out, first baseman Pete Alonso to pitcher Kodai Senga.",R,R,R,MIA,NYM,S,,,1,0,2023,0.76,-0.25,-0.58,2.88,,,,2,4,Bot,,,,,621512,,,1.685876894,-121.2533931,0.725851565,7.070432152,25.7565417,-35.04497545,3.23,1.49,,,,82.9,2741,6.2,718741,673540,621512,624413,643446,500871,596019,641796,502054,516782,54.31,,,,,,,,33,2,Sweeper,1,2,1,2,2,1,1,2,Standard,Strategic,38,0,-0.029
ST,4/2/23,81.7,-1.87,5.71,"Senga, Kodai",665862,673540,,called_strike,,,,,9,Jazz Chisholm Jr.  strikes out swinging.,R,L,R,MIA,NYM,S,,,0,0,2023,0.82,-0.28,0.38,2.13,,,,1,3,Bot,,,,,621512,,,3.510895362,-118.9580528,-0.903909631,6.966598897,24.64194267,-34.81730448,3.68,1.74,,,,81.7,2658,6.4,718741,673540,621512,624413,643446,500871,596019,641796,502054,516782,54.06,,,,,,,,25,1,Sweeper,1,2,1,2,2,1,1,2,Standard,Standard,33,0,-0.034
ST,4/2/23,82.8,-1.98,5.69,"Senga, Kodai",607732,673540,,ball,,,,,11,Jacob Stallings walks.,R,R,R,MIA,NYM,B,,,0,1,2023,1.45,-0.37,-1.45,3.79,,,,0,2,Bot,,,,,621512,,,-1.61771607,-120.480269,2.907851056,14.37757353,24.72196987,-36.63632302,3.22,1.54,,,,82.5,2764,6.2,718741,673540,621512,624413,643446,500871,596019,641796,502054,516782,54.31,,,,,,,,18,2,Sweeper,1,2,1,2,2,1,1,2,Standard,Standard,38,0,0.03
ST,4/2/23,86,-2.12,5.56,"Senga, Kodai",542932,673540,field_out,hit_into_play,,,,,9,Jon Berti lines out to right fielder Starling Marte.,R,R,R,MIA,NYM,X,9,line_drive,0,1,2023,0.95,-0.45,0.35,1.95,624585,665862,541645,2,1,Bot,203.9,119.25,,,621512,,,3.937206457,-125.1871222,-1.379264663,9.139625823,26.36351285,-36.78353012,3.19,1.49,276,95.6,17,86,2862,6.4,718741,673540,621512,624413,643446,500871,596019,641796,502054,516782,54.15,0.477,0.504,0,1,0,0,4,14,2,Sweeper,1,2,1,2,2,1,1,2,Standard,Standard,26,-0.077,-0.668
ST,4/2/23,84.2,-1.95,5.68,"Senga, Kodai",493329,673540,,called_strike,,,,,2,Yuli Gurriel strikes out swinging.,R,R,R,MIA,NYM,S,,,0,0,2023,1.52,-0.32,0.24,3.05,624585,665862,541645,0,1,Bot,,,,,621512,,,2.079585524,-122.5039504,0.985138431,14.75052722,26.445796,-35.86306005,3.27,1.63,,,,84.2,2751,6.5,718741,673540,621512,624413,643446,500871,596019,641796,502054,516782,54,,,,,,,,12,1,Sweeper,1,2,1,2,2,1,1,2,Standard,Standard,39,0,-0.132
ST,4/2/23,83.1,-2.3,5.64,"Senga, Kodai",541645,673540,walk,ball,,,,,11,Avisail Garcia walks.   Jorge Soler to 3rd.    Jazz Chisholm Jr.  to 2nd.,R,R,R,MIA,NYM,B,,,3,2,2023,1.46,-0.08,-1.06,3.98,,624585,665862,0,1,Bot,,,,,621512,,,-0.024743641,-120.9321635,2.854932997,14.27699812,24.56947398,-33.74547043,3.51,1.79,,,,83.1,2585,6.4,718741,673540,621512,624413,643446,500871,596019,641796,502054,516782,54.12,,,0.7,1,0,0,,11,7,Sweeper,1,2,1,2,2,1,1,2,Standard,Standard,38,0.081,0.396
ST,4/2/23,84.2,-2.19,5.42,"Senga, Kodai",541645,673540,,foul,,,,,12,Avisail Garcia walks.   Jorge Soler to 3rd.    Jazz Chisholm Jr.  to 2nd.,R,R,R,MIA,NYM,S,,,3,2,2023,1.3,-0.26,1.05,2.72,,624585,665862,0,1,Bot,,,,,621512,,,4.951512004,-122.4999212,0.692839197,11.89936934,26.82123556,-35.11927378,3.53,1.79,,,,83.9,2749,6.4,718741,673540,621512,624413,643446,500871,596019,641796,502054,516782,54.13,,,,,,,,11,6,Sweeper,1,2,1,2,2,1,1,2,Standard,Standard,43,0,0
ST,4/2/23,84.1,-2.25,5.54,"Senga, Kodai",541645,673540,,ball,,,,,12,Avisail Garcia walks.   Jorge Soler to 3rd.    Jazz Chisholm Jr.  to 2nd.,R,R,R,MIA,NYM,B,,,2,2,2023,1.48,-0.41,0.42,3.69,,624585,665862,0,1,Bot,,,,,621512,,,3.261555945,-122.3276661,3.024788743,13.97428169,27.61107964,-37.18909814,3.45,1.79,,,,0,2812,,718741,673540,621512,624413,643446,500871,596019,641796,502054,516782,54.13,,,,,,,,11,5,Sweeper,1,2,1,2,2,1,1,2,Standard,Standard,44,0,0.444
ST,4/2/23,82.3,-2.14,5.52,"Senga, Kodai",541645,673540,,ball,,,,,14,Avisail Garcia walks.   Jorge Soler to 3rd.    Jazz Chisholm Jr.  to 2nd.,R,R,R,MIA,NYM,B,,,0,1,2023,1.4,-0.17,1.41,1.31,,624585,665862,0,1,Bot,,,,,621512,,,5.341190974,-119.7500546,-2.610388023,12.18908859,26.21554528,-33.46216912,3.49,1.79,,,,82.1,2751,6.4,718741,673540,621512,624413,643446,500871,596019,641796,502054,516782,54.06,,,,,,,,11,2,Sweeper,1,2,1,2,2,1,1,2,Standard,Standard,32,0,0.025
ST,4/2/23,80.5,-2.13,5.58,"Senga, Kodai",541645,673540,,swinging_strike,,,,,8,Avisail Garcia walks.   Jorge Soler to 3rd.    Jazz Chisholm Jr.  to 2nd.,R,R,R,MIA,NYM,S,,,0,0,2023,1.3,-0.09,0.02,1.85,,624585,665862,0,1,Bot,,,,,621512,,,2.294876101,-117.2450587,-1.353907869,11.3649716,24.95413763,-32.9396504,3.53,1.79,,,,0,2589,,718741,673540,621512,624413,643446,500871,596019,641796,502054,516782,54.13,,,,,,,,11,1,Sweeper,1,2,1,2,2,1,1,2,Standard,Standard,31,0,-0.083
ST,4/2/23,78.3,-2.03,5.83,"Senga, Kodai",665862,673540,,ball,,,,,11,Jazz Chisholm Jr.  walks.,R,L,R,MIA,NYM,B,,,0,0,2023,1.36,-0.13,-1.43,4.05,,624585,,0,1,Bot,,,,,621512,,,-1.217631735,-113.9607106,3.301093064,11.99217381,23.24650273,-34.16791482,3.7,1.74,,,,77.7,2596,6.1,718741,673540,621512,624413,643446,500871,596019,641796,502054,516782,54.41,,,,,,,,10,1,Sweeper,1,2,1,2,2,1,1,2,Standard,Standard,47,0,0.101
ST,4/2/23,83,-2.03,5.57,"Senga, Kodai",624585,673540,,ball,,,,,14,Jorge Soler doubles (2) on a sharp line drive to right fielder Starling Marte.   Luis Arraez scores.,R,R,R,MIA,NYM,B,,,1,2,2023,1.4,-0.52,1.79,1.25,,,650333,0,1,Bot,,,,,621512,,,6.049226412,-120.6336388,-2.30095733,12.17965455,26.30790661,-36.92355098,3.64,1.7,,,,83.1,2808,6.7,718741,673540,621512,624413,643446,500871,596019,641796,502054,516782,53.78,,,,,,,,9,4,Sweeper,0,2,0,2,2,0,0,2,Standard,Standard,32,0,0.013
ST,4/2/23,82.3,-2.2,5.6,"Senga, Kodai",624585,673540,,foul,,,,,8,Jorge Soler doubles (2) on a sharp line drive to right fielder Starling Marte.   Luis Arraez scores.,R,R,R,MIA,NYM,S,,,1,1,2023,1.19,-0.56,0.2,2.27,,,650333,0,1,Bot,,,,,621512,,,3.144071512,-119.8728074,0.110320026,10.76326862,24.83109502,-37.81502693,3.54,1.7,3,54.7,-39,82.4,2719,6.5,718741,673540,621512,624413,643446,500871,596019,641796,502054,516782,54,,,,,,,,9,3,Sweeper,0,2,0,2,2,0,0,2,Standard,Standard,42,0,-0.076
ST,4/2/23,81.2,-2.04,5.79,"Senga, Kodai",624585,673540,,called_strike,,,,,1,Jorge Soler doubles (2) on a sharp line drive to right fielder Starling Marte.   Luis Arraez scores.,R,R,R,MIA,NYM,S,,,1,0,2023,1.07,-0.37,-0.58,3.14,,,650333,0,1,Bot,,,,,621512,,,1.213799287,-118.3149543,1.369992011,9.816016879,23.10017449,-36.08489295,3.56,1.7,,,,81.1,2660,6.2,718741,673540,621512,624413,643446,500871,596019,641796,502054,516782,54.27,,,,,,,,9,2,Sweeper,0,2,0,2,2,0,0,2,Standard,Standard,43,0,-0.053
ST,4/1/23,79.7,-3.08,5.27,"Ottavino, Adam",516416,493603,single,hit_into_play,,,,,2,Jean Segura singles on a ground ball to left fielder Mark Canha.,R,R,R,MIA,NYM,X,7,ground_ball,1,1,2023,1.25,-0.05,0.05,2.85,,,,1,8,Bot,90.97,140.76,,,553882,,,4.585592027,-115.9210939,1.642078792,10.21975307,23.95834668,-33.23975679,3.08,1.43,21,105.7,-8,80.3,2546,6.9,718755,493603,553882,624413,641645,500871,596019,592192,607043,643446,53.56,0.271,0.244,0.9,1,1,0,2,72,3,Sweeper,2,5,2,5,5,2,2,5,Standard,Standard,67,0.03,0.286
ST,4/1/23,81.4,3.02,5.35,"Raley, Brooks",665862,548384,field_out,hit_into_play,,,,,7,"Jazz Chisholm Jr.  grounds out, second baseman Luis Guillorme to first baseman Pete Alonso.",R,L,L,MIA,NYM,X,4,ground_ball,3,2,2023,-1.66,0.04,-0.71,2.15,624585,,643265,2,7,Bot,144.16,148.86,,,553882,,,-5.116857095,-118.2813061,-0.507142984,-14.10516005,27.76272484,-31.9327468,3.67,1.74,37,86.3,0,79.7,2983,5.7,718755,548384,553882,624413,641645,500871,596019,592192,607043,643446,54.79,0.251,0.234,0,1,0,0,2,65,6,Sweeper,2,5,2,5,5,2,2,5,Standard,Standard,288,-0.053,-0.575
ST,4/1/23,81.4,2.81,5.38,"Raley, Brooks",665862,548384,,ball,,,,,13,"Jazz Chisholm Jr.  grounds out, second baseman Luis Guillorme to first baseman Pete Alonso.",R,L,L,MIA,NYM,B,,,2,2,2023,-1.32,0.26,-0.56,1.45,624585,,643265,2,7,Bot,,,,,553882,,,-4.988295304,-118.379037,-2.591365607,-11.17644182,25.77473456,-29.47177799,3.71,1.85,,,,79.9,3020,5.6,718755,548384,553882,624413,641645,500871,596019,592192,607043,643446,54.88,,,,,,,,65,5,Sweeper,2,5,2,5,5,2,2,5,Standard,Standard,292,0,0.209
ST,4/1/23,79.8,-3.08,5.17,"Ottavino, Adam",516416,493603,,ball,,,,,14,Jean Segura singles on a ground ball to left fielder Mark Canha.,R,R,R,MIA,NYM,B,,,0,0,2023,1.31,0.13,1.75,0.52,,,,1,8,Bot,,,,,553882,,,8.171823842,-115.9103744,-3.623587062,9.915217405,25.24057051,-30.4785125,3.24,1.46,,,,79.6,2514,6.6,718755,493603,553882,624413,641645,500871,596019,592192,607043,643446,53.88,,,,,,,,72,1,Sweeper,2,5,2,5,5,2,2,5,Standard,Standard,66,0,0.037
ST,4/1/23,81.2,2.9,5.46,"Raley, Brooks",665862,548384,,ball,,,,,13,"Jazz Chisholm Jr.  grounds out, second baseman Luis Guillorme to first baseman Pete Alonso.",R,L,L,MIA,NYM,B,,,1,1,2023,-1.43,0.32,-1.14,1.75,624585,,643265,2,7,Bot,,,,,553882,,,-6.243213136,-118.049312,-2.191748242,-11.876999,25.27202618,-28.99503206,3.74,1.88,,,,79.8,3008,5.7,718755,548384,553882,624413,641645,500871,596019,592192,607043,643446,54.81,,,,,,,,65,3,Sweeper,2,5,2,5,5,2,2,5,Standard,Standard,301,0,0.032
ST,4/1/23,79.1,-3.07,5.19,"Ottavino, Adam",650559,493603,field_out,hit_into_play,,,,,2,Bryan De La Cruz flies out to left fielder Mark Canha.,R,R,R,MIA,NYM,X,7,fly_ball,1,1,2023,1.54,0.59,0.13,3.06,,,,0,8,Bot,82.42,111.63,,,553882,,,4.125102203,-115.0684306,1.149382803,12.66870971,24.53823684,-27.46517401,3.46,1.69,243,91.6,51,79.1,2647,6.7,718755,493603,553882,624413,641645,500871,596019,592192,607043,643446,53.84,0.011,0.015,0,1,0,0,3,71,3,Sweeper,2,5,2,5,5,2,2,5,Standard,Standard,65,-0.025,-0.233
ST,4/1/23,82.1,2.94,5.51,"Raley, Brooks",665862,548384,,swinging_strike,,,,,13,"Jazz Chisholm Jr.  grounds out, second baseman Luis Guillorme to first baseman Pete Alonso.",R,L,L,MIA,NYM,S,,,1,0,2023,-1.06,0.56,-1.22,2.32,624585,,643265,2,7,Bot,,,,,553882,,,-7.265710964,-119.2776467,-1.693381472,-8.501818839,24.84696017,-26.70007754,3.67,1.74,,,,80.7,2944,5.6,718755,548384,553882,624413,641645,500871,596019,592192,607043,643446,54.9,,,,,,,,65,2,Sweeper,2,5,2,5,5,2,2,5,Standard,Standard,293,0,-0.067
ST,4/1/23,80,-3,5.25,"Ottavino, Adam",650559,493603,,ball,,,,,14,Bryan De La Cruz flies out to left fielder Mark Canha.,R,R,R,MIA,NYM,B,,,0,0,2023,1.22,0.21,1.46,1.38,,,,0,8,Bot,,,,,553882,,,7.57492419,-116.1885149,-2.090681601,9.284118127,25.14360403,-30.10322818,3.56,1.64,,,,80.1,2529,6.8,718755,493603,553882,624413,641645,500871,596019,592192,607043,643446,53.67,,,,,,,,71,1,Sweeper,2,5,2,5,5,2,2,5,Standard,Standard,67,0,0.044
ST,4/1/23,80.9,3.05,5.45,"Raley, Brooks",665862,548384,,ball,,,,,13,"Jazz Chisholm Jr.  grounds out, second baseman Luis Guillorme to first baseman Pete Alonso.",R,L,L,MIA,NYM,B,,,0,0,2023,-1.47,0.33,-1.66,1.05,624585,,643265,2,7,Bot,,,,,553882,,,-7.634581471,-117.5743604,-3.657314298,-11.82068837,25.37254584,-28.6156608,3.98,1.82,,,,79.8,2961,5.9,718755,548384,553882,624413,641645,500871,596019,592192,607043,643446,54.6,,,,,,,,65,1,Sweeper,2,5,2,5,5,2,2,5,Standard,Standard,295,0,0.067
ST,3/30/23,82.1,3.03,5.33,"Raley, Brooks",516416,548384,,called_strike,,,,,8,"Jean Segura grounds out, shortstop Francisco Lindor to first baseman Pete Alonso.",R,R,L,MIA,NYM,S,,,0,0,2023,-1.8,0.4,0.09,1.77,,,,2,8,Bot,,,,,553882,,,-3.139317537,-119.4896919,-2.152520684,-16.29357686,27.18599914,-28.12506824,2.95,1.34,,,,80.7,2955,5.7,718774,548384,553882,624413,643446,500871,596019,592192,607043,516782,54.77,,,,,,,,64,1,Sweeper,3,5,3,5,5,3,3,5,Standard,Standard,285,0,-0.022
ST,3/30/23,82.2,2.97,5.18,"Raley, Brooks",650333,548384,,ball,,,,,13,Luis Arraez strikes out on a foul tip.,R,L,L,MIA,NYM,B,,,1,2,2023,-1.76,0.39,-1.51,1.2,,,,1,8,Bot,,,,,553882,,,-6.678411844,-119.4789649,-3.077122025,-15.12363257,27.44510876,-28.05081355,3.11,1.44,,,,80.9,2994,5.9,718774,548384,553882,624413,643446,500871,596019,592192,607043,516782,54.61,,,,,,,,63,4,Sweeper,3,5,3,5,5,3,3,5,Standard,Strategic,290,0,0.04
ST,3/30/23,81.9,2.91,5.28,"Raley, Brooks",650333,548384,,ball,,,,,13,Luis Arraez strikes out on a foul tip.,R,L,L,MIA,NYM,B,,,0,1,2023,-1.92,0.26,-1.37,2.25,,,,1,8,Bot,,,,,553882,,,-5.914353128,-119.016782,-0.645785364,-16.63254643,27.04786258,-29.876835,3.14,1.41,,,,80.5,3007,5.8,718774,548384,553882,624413,643446,500871,596019,592192,607043,516782,54.65,,,,,,,,63,2,Sweeper,3,5,3,5,5,3,3,5,Standard,Strategic,296,0,0.025
ST,3/30/23,83.2,2.88,5.29,"Raley, Brooks",650333,548384,,called_strike,,,,,4,Luis Arraez strikes out on a foul tip.,R,L,L,MIA,NYM,S,,,0,0,2023,-1.36,0.21,-0.4,2.05,,,,1,8,Bot,,,,,553882,,,-4.819735047,-121.0044185,-1.327069524,-12.17114861,26.09431665,-30.05368213,3.05,1.46,,,,82.1,3004,5.8,718774,548384,553882,624413,643446,500871,596019,592192,607043,516782,54.7,,,,,,,,63,1,Sweeper,3,5,3,5,5,3,3,5,Standard,Strategic,281,0,-0.034